<?xml version="1.0" encoding="UTF-8"?>
<set>
    <action>resource/update</action>
    <template>Quill</template>
    <description>Optimized resource/update view for Quill's blog container.</description>
    <constraint_field>id</constraint_field>
    <constraint>[[++quill.blog_container]]</constraint>
    <active>1</active>
    <fields>
        <field>
            <name>modx-resource-content</name>
            <visible></visible>
            <label></label>
            <default_value></default_value>
        </field>
        <field>
            <name>id</name>
            <visible>1</visible>
            <label></label>
            <default_value></default_value>
        </field>
        <field>
            <name>pagetitle</name>
            <visible></visible>
            <label></label>
            <default_value></default_value>
        </field>
        <field>
            <name>longtitle</name>
            <visible></visible>
            <label></label>
            <default_value></default_value>
        </field>
        <field>
            <name>description</name>
            <visible></visible>
            <label></label>
            <default_value></default_value>
        </field>
        <field>
            <name>introtext</name>
            <visible></visible>
            <label></label>
            <default_value></default_value>
        </field>
        <field>
            <name>template</name>
            <visible></visible>
            <label></label>
            <default_value></default_value>
        </field>
        <field>
            <name>alias</name>
            <visible></visible>
            <label></label>
            <default_value></default_value>
        </field>
        <field>
            <name>menutitle</name>
            <visible></visible>
            <label></label>
            <default_value></default_value>
        </field>
        <field>
            <name>link_attributes</name>
            <visible></visible>
            <label></label>
            <default_value></default_value>
        </field>
        <field>
            <name>hidemenu</name>
            <visible></visible>
            <label></label>
            <default_value></default_value>
        </field>
        <field>
            <name>published</name>
            <visible></visible>
            <label></label>
            <default_value></default_value>
        </field>
        <field>
            <name>parent-cmb</name>
            <visible>1</visible>
            <label></label>
            <default_value></default_value>
        </field>
        <field>
            <name>class_key</name>
            <visible>1</visible>
            <label></label>
            <default_value></default_value>
        </field>
        <field>
            <name>content_type</name>
            <visible>1</visible>
            <label></label>
            <default_value></default_value>
        </field>
        <field>
            <name>content_dispo</name>
            <visible>1</visible>
            <label></label>
            <default_value></default_value>
        </field>
        <field>
            <name>menuindex</name>
            <visible>1</visible>
            <label></label>
            <default_value></default_value>
        </field>
        <field>
            <name>publishedon</name>
            <visible>1</visible>
            <label></label>
            <default_value></default_value>
        </field>
        <field>
            <name>pub_date</name>
            <visible>1</visible>
            <label></label>
            <default_value></default_value>
        </field>
        <field>
            <name>unpub_date</name>
            <visible>1</visible>
            <label></label>
            <default_value></default_value>
        </field>
        <field>
            <name>isfolder</name>
            <visible>1</visible>
            <label></label>
            <default_value></default_value>
        </field>
        <field>
            <name>searchable</name>
            <visible>1</visible>
            <label></label>
            <default_value></default_value>
        </field>
        <field>
            <name>richtext</name>
            <visible>1</visible>
            <label></label>
            <default_value></default_value>
        </field>
        <field>
            <name>uri_override</name>
            <visible>1</visible>
            <label></label>
            <default_value></default_value>
        </field>
        <field>
            <name>uri</name>
            <visible>1</visible>
            <label></label>
            <default_value></default_value>
        </field>
        <field>
            <name>cacheable</name>
            <visible>1</visible>
            <label></label>
            <default_value></default_value>
        </field>
        <field>
            <name>syncsite</name>
            <visible>1</visible>
            <label></label>
            <default_value></default_value>
        </field>
        <field>
            <name>deleted</name>
            <visible>1</visible>
            <label></label>
            <default_value></default_value>
        </field>
    </fields>
    <tabs>
        <tab>
            <name>modx-resource-settings</name>
            <visible></visible>
            <label></label>
        </tab>
        <tab>
            <name>modx-resource-main-left</name>
            <visible>1</visible>
            <label></label>
        </tab>
        <tab>
            <name>modx-resource-main-right</name>
            <visible>1</visible>
            <label></label>
        </tab>
        <tab>
            <name>modx-page-settings</name>
            <visible></visible>
            <label></label>
        </tab>
        <tab>
            <name>modx-page-settings-left</name>
            <visible>1</visible>
            <label></label>
        </tab>
        <tab>
            <name>modx-page-settings-right</name>
            <visible>1</visible>
            <label></label>
        </tab>
        <tab>
            <name>modx-page-settings-right-box-left</name>
            <visible>1</visible>
            <label></label>
        </tab>
        <tab>
            <name>modx-page-settings-right-box-right</name>
            <visible>1</visible>
            <label></label>
        </tab>
        <tab>
            <name>modx-panel-resource-tv</name>
            <visible>1</visible>
            <label>Customize</label>
        </tab>
        <tab>
            <name>modx-resource-access-permissions</name>
            <visible></visible>
            <label></label>
        </tab>
    </tabs>
    <tvs>
        <tv>
            <name>qllTwitterAccount</name>
            <visible></visible>
            <label></label>
            <default_value></default_value>
            <tab>modx-panel-resource-tv</tab>
            <tab_rank></tab_rank>
        </tv>
        <tv>
            <name>qllShowFeaturedImage</name>
            <visible>1</visible>
            <label></label>
            <default_value></default_value>
            <tab>modx-panel-resource-tv</tab>
            <tab_rank></tab_rank>
        </tv>
        <tv>
            <name>qllRightFloatbar</name>
            <visible>1</visible>
            <label></label>
            <default_value>[[$qllSocialButtons]]</default_value>
            <tab>modx-panel-resource-tv</tab>
            <tab_rank></tab_rank>
        </tv>
        <tv>
            <name>qllPageLayout</name>
            <visible>1</visible>
            <label></label>
            <default_value>[[$qllPostLayout]]</default_value>
            <tab>modx-panel-resource-tv</tab>
            <tab_rank></tab_rank>
        </tv>
        <tv>
            <name>qllLeftFloatbar</name>
            <visible>1</visible>
            <label></label>
            <default_value></default_value>
            <tab>modx-panel-resource-tv</tab>
            <tab_rank></tab_rank>
        </tv>
        <tv>
            <name>qllImageCredits</name>
            <visible>1</visible>
            <label></label>
            <default_value></default_value>
            <tab>modx-panel-resource-tv</tab>
            <tab_rank></tab_rank>
        </tv>
        <tv>
            <name>qllImageCaption</name>
            <visible>1</visible>
            <label></label>
            <default_value></default_value>
            <tab>modx-panel-resource-tv</tab>
            <tab_rank></tab_rank>
        </tv>
        <tv>
            <name>qllFeaturedImage</name>
            <visible>1</visible>
            <label></label>
            <default_value></default_value>
            <tab>modx-panel-resource-tv</tab>
            <tab_rank></tab_rank>
        </tv>
        <tv>
            <name>qllAuthor</name>
            <visible></visible>
            <label></label>
            <default_value></default_value>
            <tab>modx-panel-resource-tv</tab>
            <tab_rank></tab_rank>
        </tv>
        <tv>
            <name>qllPageNote</name>
            <visible></visible>
            <label></label>
            <default_value></default_value>
            <tab>modx-panel-resource-tv</tab>
            <tab_rank></tab_rank>
        </tv>
    </tvs>
</set>
