[
    {
        "name": "Quill",
        "description": "Optimized view for Quill-themed blogs.",
        "bulk_actions": true,
        "allow_dd": true,
        "page_size": 10,
        "sort_field": "publishedon",
        "sort_dir": "desc",
        "sort_type": null,
        "child_template": 28,
        "child_resource_type": "modDocument",
        "resource_type_selection": true,
        "tab_label": "Posts",
        "button_label": "New Post",
        "content_place": "original",
        "view_for": 0,
        "link_label": "selections.create",
        "context_menu": "view,edit,duplicate,publish,unpublish,-,delete,undelete,remove,-,unlink",
        "buttons": "open,view,edit,duplicate,publish:orange,unpublish,delete,undelete,remove,unlink",
        "allowed_resource_types": "",
        "back_to_collection_label": "All Posts",
        "back_to_selection_label": "selections.back_to_selection_label",
        "selection_create_sort": "id:desc",
        "child_hide_from_menu": null,
        "child_published": null,
        "child_cacheable": null,
        "child_searchable": null,
        "child_richtext": null,
        "child_content_type": 0,
        "parent": "",
        "child_content_disposition": null,
        "permanent_sort_before": "",
        "permanent_sort_after": "",
        "selection_link_condition": "",
        "columns": [
            {
                "label": "id",
                "name": "id",
                "hidden": true,
                "sortable": true,
                "width": 40,
                "editor": "",
                "renderer": "",
                "php_renderer": "",
                "position": 0,
                "sort_type": null
            },
            {
                "label": "Date",
                "name": "publishedon",
                "hidden": false,
                "sortable": true,
                "width": 40,
                "editor": "",
                "renderer": "Collections.renderer.datetimeTwoLines",
                "php_renderer": "",
                "position": 1,
                "sort_type": null
            },
            {
                "label": "Title",
                "name": "pagetitle",
                "hidden": false,
                "sortable": true,
                "width": 170,
                "editor": "",
                "renderer": "Collections.renderer.pagetitleWithButtons",
                "php_renderer": "",
                "position": 2,
                "sort_type": null
            },
            {
                "label": "alias",
                "name": "alias",
                "hidden": true,
                "sortable": true,
                "width": 100,
                "editor": "",
                "renderer": "",
                "php_renderer": "",
                "position": 3,
                "sort_type": null
            },
            {
                "label": "resource_menuindex",
                "name": "menuindex",
                "hidden": true,
                "sortable": true,
                "width": 50,
                "editor": "{\"xtype\":\"numberfield\",\"allowNegative\":false,\"allowDecimal\":false}",
                "renderer": "",
                "php_renderer": "",
                "position": 4,
                "sort_type": null
            },
            {
                "label": "Author",
                "name": "createdby",
                "hidden": false,
                "sortable": false,
                "width": 50,
                "editor": " {\"xtype\":\"modx-combo-user\",\"renderer\":true,\"fields\": [\"fullname\",\"username\",\"id\"],\"displayField\": \"fullname\",\"baseParams\": {\"action\": \"security\/user\/getlist\",\"usergroup\":2}}",
                "renderer": "",
                "php_renderer": "",
                "position": 5,
                "sort_type": null
            }
        ]
    }
]